{
    "name"         : "haxeui-rich-text",
    "url"          : "https://github.com/ianharrigan/haxeui-rich-text",
    "license"      : "MIT",
    "tags"         : ["rich", "ui", "haxeui"],
    "description"  : "Rich text for HaxeUI",
    "version"      : "0.1.2",
    "releasenote"  : "Improved RegExp syntax rules",
    "contributors" : ["ianharrigan"],
    "dependencies" : {
        "openfl"        : "",
        "actuate"       : "",
        "hscript"       : "",
        "haxeui"       : ""
    }
}
